{
    "note": " Z1, Z2, Z3 was used to store calibration for head Z1, Z2, Z3, Tips is the corridinate of tips",
    "A1": [
        0.1,
        0.4,
        130.0
    ],
    "A2": [
        -1.0200000000000102,
        -1.1999999999999993,
        165.0
    ],
    "A3": [
        5.0,
        0.0,
        5.0
    ],
    "A4": [
        12.269999999999982,
        -4.66,
        135.0
    ],
    "A5": [
        0,
        0,
        0.0
    ],
    "B1": [
        0.1,
        0.39,
        130.0
    ],
    "B2": [
        0.15999999999998948,
        0.8400000000000034,
        170.0
    ],
    "B3": [
        15.0,
        55.0,
        102.0
    ],
    "B4": [
        0,
        0,
        0.0
    ],
    "B5": [
        0,
        0,
        0.0
    ],
    "C1": [
        1.500000000000007,
        1.5,
        35.0
    ],
    "C2": [
        449.75999999999993,
        -13.43999999999997,
        185.0
    ],
    "C3": [
        25.455,
        -41.119999999999976,
        75.0
    ],
    "C4": [
        7.105427357601002e-14,
        2.842170943040401e-14,
        110.0
    ],
    "C5": [
        -0.04000000000001336,
        -3.139999999999958,
        185.0
    ],
    "R1": [
        24.554999999999993,
        -41.619999999999976,
        74.0
    ],
    "R2": [
        25.455,
        -41.119999999999976,
        75.0
    ],
    "R3": [
        21.354999999999976,
        -64.91999999999999,
        99.0
    ],
    "R4": [
        51.55500000000002,
        -37.620000000000005,
        67.0
    ],
    "Z1": [
        161.6,
        193.28,
        103.5
    ],
    "Z2": [
        106.24,
        193.28,
        154.2
    ],
    "Z3": [
        55.04,
        193.6,
        211.0
    ],
    "tips_1000uL": [
        0,
        0,
        180.0
    ],
    "tips_50uL": [
        0,
        0,
        141.8
    ],
    "current_tip": 0,
    "current_tip_small": 10
}