{
    "note": " Z1, Z2, Z3 was used to store calibration for head Z1, Z2, Z3, Tips is the corridinate of tips",
    "A1": [
        0.1,
        0.4,
        130.0
    ],
    "A2": [
        -0.6000000000000085,
        -2.1999999999999993,
        60.0
    ],
    "A3": [
        5.0,
        0.0,
        5.0
    ],
    "A4": [
        1.0000000000000142,
        0.5,
        75.0
    ],
    "A5": [
        0,
        0,
        0.0
    ],
    "B1": [
        0.1,
        0.39,
        130.0
    ],
    "B2": [
        0.199,
        -1.0,
        95.0
    ],
    "B3": [
        15.0, 
        55.0,
        102.0
    ],
    "B4": [
        0,
        0,
        0.0
    ],
    "B5": [
        0,
        0,
        0.0
    ],
    "C1": [
        1.500000000000007,
        1.5,
        35.0
    ],
    "C2": [
        -100.36000000000001,
        0.8200000000000216,
        191.0
    ],
    "C3": [
        25.455,
        -41.119999999999976,
        75.0
    ],
    "C4": [
        7.105427357601002e-14,
        2.842170943040401e-14,
        110.0
    ],
    "C5": [
        0.0,
        0.0,
        35.0
    ],
    "R1": [
        24.554999999999993,
        -41.619999999999976,
        74.0
    ],
    "R2": [
        25.455,
        -41.119999999999976,
        75.0
    ],
    "R3": [
        21.354999999999976,
        -64.91999999999999,
        99.0
    ],
    "R4": [
        51.55500000000002,
        -37.620000000000005,
        67.0
    ],
    "Z1": [
        259.84,
        192.0,
        103.5
    ],
    "Z2": [
        205.76,
        192.0,
        154.0
    ],
    "Z3": [
        155.2,
        193.28,
        207.0
    ],
    "tips_1000uL": [
        0,
        0,
        141.8
    ],
    "tips_50uL": [
        0,
        0,
        141.8
    ],
    "current_tip": 6,
    "current_tip_small": 10
}