{
    "note": " Z1, Z2, Z3 was used to store calibration for head Z1, Z2, Z3, Tips is the corridinate of tips",
    "A1": [
        -0.539999999999992,
        -1.199999999999994,
        125.0
    ],
    "A2": [
        0,
        0,
        165.0
    ],
    "A3": [
        0.0,
        0.0,
        5.0
    ],
    "A4": [
        0,
        0,
        135.0
    ],
    "A5": [
        0,
        0,
        0.0
    ],
    "B1": [
        -1.1799999999999926,
        -1.0400000000000063,
        136.0
    ],
    "B2": [
        0.0,
        0.0,
        170.0
    ],
    "B3": [
        20.400000000000034,
        51.359999999999985,
        75.0
    ],
    "B4": [
        0,
        0,
        0.0
    ],
    "B5": [
        0,
        0,
        0.0
    ],
    "C1": [
        0,
        0,
        35.0
    ],
    "C2": [
        0,
        0,
        185.0
    ],
    "C3": [
        0,
        0,
        75.0
    ],
    "C4": [
        0,
        0,
        110.0
    ],
    "C5": [
        0.0,
        0.0,
        185.0
    ],
    "R1": [
        24.554999999999993,
        -41.619999999999976,
        74.0
    ],
    "R2": [
        25.455,
        -41.119999999999976,
        75.0
    ],
    "R3": [
        21.354999999999976,
        -64.91999999999999,
        99.0
    ],
    "R4": [
        51.55500000000002,
        -37.620000000000005,
        67.0
    ],
    "Z1": [
        160.0,
        194.88,
        81.0
    ],
    "Z2": [
        105.28,
        194.24,
        120.0
    ],
    "Z3": [
        54.08,
        195.52,
        164.0
    ],
    "tips_1000uL": [
        0,
        0,
        142.0
    ],
    "tips_50uL": [
        0,
        0,
        141.8
    ],
    "current_tip": 25,
    "current_tip_small": 0
}