{
    "note": " Z1, Z2, Z3 was used to store calibration for head Z1, Z2, Z3, Tips is the corridinate of tips",
    "A1": [
        0,
        0,
        0.0
    ],
    "A2": [
        30.400000000000006,
        4.899999999999999,
        -97.0
    ],
    "A3": [
        29.19999999999999,
        4.699999999999999,
        -111.0
    ],
    "A4": [
        60.19999999999999,
        4.699999999999999,
        -111.0
    ],
    "A5": [
        50.0,
        45.0,
        -118.0
    ],
    "B1": [
        0.0,
        0.0,
        0
    ],
    "B2": [
        30.900000000000006,
        4.0,
        -95.5
    ],
    "B3": [
        39.10000000000002,
        9.799999999999997,
        -98.0
    ],
    "B4": [
        60.69999999999999,
        4.200000000000003,
        -111.0
    ],
    "B5": [
        10.0,
        2.5,
        109.5
    ],
    "C1": [
        40.2,
        8.900000000000006,
        -118.0
    ],
    "C2": [
        31.099999999999994,
        3.6999999999999886,
        -95.5
    ],
    "C3": [
        30.30000000000001,
        2.8000000000000114,
        -75.0
    ],
    "C4": [
        65.59999999999997,
        3.000000000000014,
        -38.0
    ],
    "C5": [
        64.70000000000005,
        9.200000000000017,
        -15.0
    ],
    "Z1": [
        531.6,
        115.8,
        16.9
    ],
    "Z2": [
        481.2,
        116.4,
        11.4
    ],
    "Z3": [
        422.3,
        114.9,
        21.0
    ],
    "Tips_1000uL": [
        0,
        0,
        116.5
    ],
    "Tips_50uL": [
        0,
        0,
        116.5
    ],
    "Current_tip": 15
}