{
    "note": " Z1, Z2, Z3 was used to store calibration for head Z1, Z2, Z3, Tips is the corridinate of tips",
    "A1": [
        0,
        0,
        0.0
    ],
    "A2": [
        -1.5,
        0.0,
        100.0
    ],
    "A3": [
        0,
        0,
        0.0
    ],
    "A4": [
        0,
        0,
        0.0
    ],
    "A5": [
        0,
        0,
        0.0
    ],
    "B1": [
        0,
        0,
        0.0
    ],
    "B2": [
        -1.0,
        -2.0,
        -77.0
    ],
    "B3": [
        15.0,
        55.0,
        102.0
    ],
    "B4": [
        0,
        0,
        0.0
    ],
    "B5": [
        0,
        0,
        0.0
    ],
    "C1": [
        1.2000000000000028,
        2.4000000000000057,
        175.0
    ],
    "C2": [
        -1.8000000000000114,
        0.4000000000000057,
        123.0
    ],
    "C3": [
        7.555000000000007,
        -77.92,
        105.0
    ],
    "C4": [
        -2.499999999999943,
        0.5,
        80.0
    ],
    "C5": [
        -2.5,
        1.5,
        95.0
    ],
    "Z1": [
        148.0,
        107.0,
        92.0
    ],
    "Z2": [
        97.0,
        107.0,
        95.0
    ],
    "Z3": [
        48.0,
        108.0,
        62.0
    ],
    "Tips_1000uL": [
        0,
        0,
        181.5
    ],
    "Tips_50uL": [
        0,
        0,
        116.5
    ],
    "Current_tip": 27
}