{
    "note": " Z1, Z2, Z3 was used to store calibration for head Z1, Z2, Z3, Tips is the corridinate of tips",
    "A1": [
        0.3000000000000071,
        0.10000000000002274,
        177.5
    ],
    "A2": [
        0,
        0.0,
        100.0
    ],
    "A3": [
        0,
        0,
        0.0
    ],
    "A4": [
        0,
        0,
        0.0
    ],
    "A5": [
        0,
        0,
        0.0
    ],
    "B1": [
        0,
        0,
        0.0
    ],
    "B2": [
        0,
        0,
        0.0
    ],
    "B3": [
        15.0,
        55.0,
        102.0
    ],
    "B4": [
        0,
        0,
        0.0
    ],
    "B5": [
        0,
        0,
        0.0
    ],
    "C1": [
        0.3,
        0.1,
        177.5
    ],
    "C2": [
        0,
        0,
        0.0
    ],
    "C3": [
        8.55499999999995,
        -78.31999999999998,
        105.0
    ],
    "C4": [
        0.0,
        0.0,
        80.0
    ],
    "C5": [
        0.0,
        0.0,
        35.0
    ],
    "Z1": [
        151.5,
        189.5,
        120.8
    ],
    "Z2": [
        99.7,
        190.5,
        123.2
    ],
    "Z3": [
        50.5,
        192.0,
        92.5
    ],
    "Tips_1000uL": [
        0,
        0,
        181.5
    ],
    "Tips_50uL": [
        0,
        0,
        116.5
    ],
    "Current_tip": 87
}